reviewText,label
really cute happy ring,Positive
size 10 dd bought large fit perfectly tight loose,Positive
husband use brand reorder needed using brand year,Positive
great looking fitting cap highly reccomend find another,Positive
love tee shirt great color thickness fabric shipping service great would buy another,Positive
dress lovely plan wear hawaii,Positive
took forever arrive well worth ive received many compliment,Positive
love love western motif excellent quality sturdy big bag great price exceptional product happy w purchase,Positive
love shirt soft long hold well many wash wore throughout pregnancy bought,Positive
love cheap perfect,Positive
perfect unique cover also nice everyday wear,Positive
beautiful dress like picture,Positive
absolutely love purse,Positive
problem little tall side show stomach picture,Positive
super cute shrink wash,Positive
received today product high quality material slick enough room 7 card enough,Positive
fabulous hat 8 month old wear beach lakeboat pool bit large still draw string bag helped shrink current size hell able grow quality material great love breathable,Positive
son complain,Positive
love ring one new favorite product picture really justice love light green color size stoneabsolutely gorgeous shipping prompt product packaged get damaged transit,Positive
left heel started hurt walking due assume recent vacation walked 17000 step fitbit per day 4 day internet told needed arch support shoe got pain went away highly recommended,Positive
lovely want vintage pin girl look feel slip dress transported back 1950s sexy well made disappointed design fabric construction im glad invested purchase quality average,Positive
exactly expected expected receive small delicate ring make purrrfect pinky ring,Positive
bought son 5 12 bought 56 size fit good little smaller thought really cute although think able wear winter,Positive
work fabulously louis vuitton bucket,Positive
got fast fit great ordered size bigger like people suggested definitely getting comfy could sleep,Positive
absolutely love perfect thank much wonderful seller,Positive
gave 2yo niece birthday immediately put opening sister absolutely loved said wait niece wear sol nice flexible good tiny human,Positive
little small,Positive
nice product pleased,Positive
gave friend birthday gift loved sock clear picture bit thin though thats fine,Positive
perfect ton colorsthank came fast,Positive
nice topper well made,Positive
lovely mostly crest,Positive
authentic negative fit big worth anyway,Positive
wear 162x order 3xl little bigbottom really,Positive
definitely worth love necklace,Positive
comfortable purchased two purchased kind ring overstockcom paid much ended returning,Positive
honestly care fabric used fit great design great nothing complain would buy seller thanks,Positive
little smaller expected look great im happy,Positive
good sherlock holmes hat flimsy happy,Positive
lovely mostly crest,Positive
good skinny girl cheap material,Positive
ordered quite granddaughter cute,Positive
knit warm unless desert heat wear model wearing nice color great value,Positive
prefect goth emo costume,Positive
look like picture long im 51 get trimmed perfect girly,Positive
fit perfectly costume well made aside roughly done detail paint little part front really noticeable besides though everything fit expected love purchased rhode island comic con im excited wear,Positive
purchased guess bag sister birthday love took church next day thinking getting one,Positive
8 year old love new shoe bought lime green one theyre cute,Positive
bright colorful fun soft thin n stretchy great relax high waisted support n compression fit true size price cant complain n work purchased forcomfort relaxing n traveling,Positive
kinda itchy may wool blended fit right,Positive
pretty cute wig bad thing material knotted easily still cute,Positive
beautiful sweater fantastic quality,Positive
really cute great halloween costume,Positive
nice daughter love,Positive
great dress however dress run small order size,Positive
made big difference right get go pain heel softened way le pressure foot w likely get pair shoe,Positive
1st saw bag online bit unsure get boyfriend kc addict would disappointes bag good however took chance eventually arrived opened box like omg definitely good buy bag classy shipped good condition damage boyfriend totally love,Positive
definitely size im usually small xsmall shirt got xsmall definitely small believed wear last clipping wish xxsmall feel like needing smaller one eventully overall comfortable,Positive
cheap tad small exactly needed look good two peticoats also always order size,Positive
wonderful,Positive
love love love image trasfered nicely,Positive
im huge toy story fan buzz woody going everywhere,Positive
exactly expecting fabric seems comfortable little guy look great,Positive
nice really like,Positive
love legging short run small size 23 size bought go dress borderline short perfect thin side sure would want wear without entire bottom bring covered buy,Positive
necklace turned exactly hoped shorter necklace make statement coral heavier goodsized chunky piece take minute two organize piece around neck ensure theyre laying flat worth effort beautiful color look significantly expensive love,Positive
print adorable,Positive
shirt absolutely gorgeous fit expected seller always provides fast shipping great price,Positive
hard find real leather belt day bonded something hubby loved real leather sizing bit small though bear mind,Positive
really nice shiny good quality,Positive
significant needed nice slim blk blazer he u large got xxl fit perfectly bad thing button align exactly button hole,Positive
always loved world softest sock last forever ive never gotten hole one ever ball heel might get little thin never break hole im long legged fit great cushy soft wear winter long,Positive
2 defect 100 expected maybe 3 duplicate mind would liked darker one bought fianc mind well overall satisfied product,Positive
product better expected price amazing size right material shiny classy would highly recommend product anyone,Positive
slightly lighter yellow pic awesome dress top cute,Positive
love shirt true size comfortable fast shipping,Positive
tote durable excellent compact carrying,Positive
great buy im happy purchase received two day bought supposed till first im excited,Positive
nice skirt good material size small return,Positive
bracelet beautiful revive cant speak might hold sparkly great feel great weight would recommend add jewelry collection,Positive
tallis wonderful happy shalom,Positive
really like swim suit great quality color exactly described super cute,Positive
size 10 dd bought large fit perfectly tight loose,Positive
really liked costume perfect santacon im 51 155 pound ordered xl super short taller wouldnt fit thats giving 4 star instead 5 purchase either skinny short plan wearing legging,Positive
daughter love fit great,Positive
like described color lovely,Positive
material breathable look cute im 56 125 got medium,Positive
ive never owned durable watch rumba go sturdy almost like rubber material band go part watch make visit place much much easier especially bring kind wallet,Positive
excellent quality comfortable skinfriendly perfect packing love color design,Positive
print adorable,Positive
like anything beachy nice detail starfish sand dollar light pull earlobe made well lost one id head back amazoncom try find equivalent,Positive
amazing mad feel like madoka,Positive
swimsuit great quality price 53 117 lb 34dm got medium top fit perfectly bottom tad bit loose happy,Positive
darling tshirt,Positive
cant complain actually perfect first order ever getting internet im happy came niceit came extra early im get two color fyi purple cute,Positive
daughter small 11 month old usually wear 9 month size clothing order 18 month play 12 month set got felt way tight happy though super secure though great swim lesson,Positive
great seller responsive good service nice product thanks,Positive
great value appearance,Positive
really cool love,Positive
love shoe wear almost every day work comfortable really require breaking comfortable cute day one highly recommend,Positive
ordered suit medium large due review im glad run small im usually medium large fit right perfect amount push bottom still little small liking pushing side little still wear definitely recommend bikini,Positive
cute fit perfect,Positive
nice thick belt pretty coloring love buckle part held together snap change buckle whenever want sizing little longer description enough matter much,Positive
adorable terrific price,Positive
love worth money,Positive
amazing price nice soft,Positive
great product thought going cheap wear time,Positive
really gorgeous ring boyfriend loved thought worth alot paid thought real diamond,Positive
perfect wanted,Positive
love sock opening super tight hate sock tight leave mark baby ankle perfect yet fallen,Positive
wanted protect luggage,Positive
band around neck little thick nice bright white,Positive
husband loved,Positive
daughter loved fit perfect charming design fabric soft good quality,Positive
fit good thick get hot nice looking love,Positive
beautiful color great material however smaller size indicated,Positive
cheap tad small exactly needed look good two peticoats also always order size,Positive
loved style perfect,Positive
fit great look good,Positive
love love love bag price wonderful use work plenty compartment price great shipping fast thinking monogramed dress little highly recommend,Positive
love fit expected,Positive
beautiful mom love,Positive
love fit expected little see back really bad im wearing night 20 party anyways make cute holiday dress well well made,Positive
love dress split sexy fit expected im 6 ft wear size 12 lg fit like dream ordered another color,Positive
sexy bought gift look great,Positive
much better thought would price wanted carryon luggage trip europe want pay lot far exceeded expectation havent used yet think going fine definitely forcing pack light,Positive
ive couple glove ive used go skiing far best great fit great warmth waterproof love goggle wiper comparable boyfriend swaney glove much better price definitely worth purchase,Positive
hard find real leather belt day bonded something hubby loved real leather sizing bit small though bear mind,Positive
loved bought gift time description said satisfied,Positive
ring beautiful size included perfect hand definitely order seller,Positive
ware 3x fit give daughter fit better,Positive
nice looking one little thinner,Positive
pretty decent price right,Positive
love la plume sandal,Positive
review knew order size larger since cusp size ordered 2 size love 54 need get hemed love feel fabric,Positive
ordered yellow bright rich dress came super fast next day fact fabric nice thick nice full skirt belt look good oh im happy sent medium instead small ordered phewww would tight bust area order worth buy opinion,Positive
love tank kinda seethrough burnout style small everything fit little snug returning medium shouldve listened review first place bought medium,Positive
daughter loved fit perfect charming design fabric soft good quality,Positive
suit awesome really disappointed fit tall person round suit long,Positive
12 price sure take extra 40 second per load laundry sort worth,Positive
glove christmas present husband used several time shoveling snow quite pleased,Positive
great shirt hold well washing little shinking,Positive
best pair underwear ive ever purchased highly recommend,Positive
love sock favorite even gotten next size girl outgrows shoe lace one adorable first go anytime husband get pick outfit hold well many many wash,Positive
purchased adult male small head love great quality youth pair sunglass comfortable us golf well driving,Positive
look exactly like picture great deal come bag storage,Positive
love kilt kilt fit expected comfortable stay place easy wash make sure measure place going sit ive worn compete small highland game competition around town great,Positive
perfect girlfriend,Positive
looking replacement pair ck jean stretch waistband came across 2 pair already look forward replacing rest jean brand great quality great price great fit though would suggest going size smaller usually take since run large waist due elasticity highly recommend,Positive
fit expected didnt get chance wear yet fine,Positive
fit tiny bit smaller expected cup areaalthough band part great fit supportive quality also really goodits thick material good lululemon great deal price,Positive
ordered shirt gift friend loved told feel comfortable favorite shirt go son,Positive
awesome hat freaking love might buy another lip inside like baseball hat make fit perfect,Positive
cute purse anyone young girl would really enjoy im sure granddaughter start carrying soon open,Positive
european cut may bit small guy like slimif fit,Positive
helloo want sure pleased ring look lovely guessed correct size even arrived two day ahead schedule hope review help positive feeling say seller thank cydrike,Positive
fit great super comfortable,Positive
nice however sized properly,Positive
nice shirt ran little small granddaughter love,Positive
love bracelet supposed gift instead decided keep labradorite distinct shine sun turn blue never seen anything like recommend anyone interested buying regret,Positive
love love love image trasfered nicely,Positive
like hat part seems little big ok thing really like bead back adjusts tightness right back baby head cant rest head surface wearing still work needed,Positive
granddaughter loved mom said shell borrow cute looking thick soft,Positive
sheer scarf great size blue purple side wish blue side like,Positive
nice shirt rather embroidered patch,Positive
band around neck little thick nice bright white,Positive
perfect xl size top great lant inner seam feel like sewing miss fit something went wrong making pant bought two pair pjs wash great go like get pay,Positive
love gon na order soon,Positive
perfect cartilage piercing many option come great price,Positive
good someone rarely ever wear tux year best need something multiple occasion probably best invest something little nicer,Positive
great soft sweater perfect length legging,Positive
love shirt look exactly pictured worried reading review absolutely love shirt shipping faster expected also ordered medium 53 120 pound like anything fitted extra room without looking huge,Positive
issue one foot due accident powerstep pinnacle take pain away,Positive
great hatbut color happened differentmore light picture,Positive
use handheld steamer successfully stretched several hat shrunk year probably 7 12 original 7 38 problem felt indiana jones hat straw cowboy hat paper fedora fit like,Positive
game changer third trimester love love love ordered size pantyhose would normally wear pre pregnancy fit great,Positive
cool shirt seems holding well washing,Positive
great wear conch problem color come,Positive
prefect goth emo costume,Positive
love bag expected look far expensive,Positive
nice shirt fast shipping,Positive
dress exactly see picture beautiful every way buy smaller daughter ia petite 10 year old bought 8 reading review fit perfectly looked stunning dress color ia plumit vibrant purple,Positive
fit small regular person perfect small frame,Positive
little small gave friend love,Positive
love shirt soft long hold well many wash wore throughout pregnancy bought,Positive
absolutely phenomenal bought bad boy coachella blast people amazed see light changed wore im glad bought spikey wild adventurous kaleidoscope goggles,Positive
cute appeared durable little girl maybe could offered zipper nothing fall drop price fair dont know great niece like yet birthday like umbrella made,Positive
job great price,Positive
great item,Positive
great material fit really like,Positive
love la plume sandal,Positive
beautiful sweater fantastic quality,Positive
wonderfully packaged cute tad small chest area 5ft 5 1258 pound 36c little scared girl popping rest bathing suit fit swimmingly haha,Positive
small comfortable recommended,Positive
exactly shown beautiful,Positive
love fit style hope hanes never stop making style comfortable like lower waist fit opposed high waist,Positive
love dress cant beat price little long vert easy fix fit true size otherwise,Positive
attractive use rosary almost daily,Positive
loved use everyday,Positive
little smaller expected look great im happy,Positive
dior scream luxury confortable bother ear using like sunglass perfect size perfect shadow quadrille call attention without overdoing,Positive
problem bought make tshirt dress right amount extra material allowing room work bought wear size would wear shirt make look pregnant overall cute pair legging boot,Positive
sent back refund,Positive
daughter favorite shirt need muse merchandise u hard find good stuff variety size,Positive
little small,Positive
fit perfect true size looked great,Positive
like look,Positive
run little bit small sizing,Positive
lab coat perfect helping daughter look part science expo im sure basis many future costume idea also stashed dirty floor science project judging washed look brand new without extra effort pleased,Positive
lot issue wig kinked brush hair making difficult packing pristinely hair lay perfectly perfect daughter going mr claus halloween little small adult work well kidsteens,Positive
husband used hat two summer held well breaking bit lot river trip summer would expect degrade time biggie think ill get new one next summer p make great gardening hat nice wide brim shade face shoulder,Positive
kept son hand warm dry played 2 hour snow,Positive
gave gift flower girl 6 parent loved set use year come,Positive
mistaken skinny tie fully aware purchased still glad sturdy tie look great feel little stiff look great,Positive
arrive looking faded bright item seen online still comfortable worn pant like anyone judging poor fashion sense whilst public smile,Positive
toasty,Positive
cute granddaughter love,Positive
definitely worth extra money brand everyday version elastic band keep jean wear regular jean unbuttoned without much slipping size 25 jean pregnant size 1 fit perfect,Positive
awesome laptop case fit 156 laptop well,Positive
really sexy must figure wear well,Positive
surprised husband love,Positive
love like dress nightgown,Positive
great light weight anti skid sock indoor spring summer wear bright color strap help keep sock place use slipper toddler second set gave away little play date gift,Positive
definitely size im usually small xsmall shirt got xsmall definitely small believed wear last clipping wish xxsmall feel like needing smaller one eventully overall comfortable,Positive
glass true size fit pretty well wish came sleeve case keep getting scratched,Positive
fit well exactly pictured,Positive
good sock easy match far wear well,Positive
color beautiful stretchy comfy support padding thats expected bralette great wear want cute shirt showing lowcut shirt,Positive
fairly nice skirt suspender little small took little tailoring make fit without skirt non translucent portion mesh outer skirt little small shorter 57 id say itd fit quite well,Positive
love great,Positive
worn week everything great ended sizing one size correct,Positive
give 4 fit pretty well top lil big much though,Positive
much better thought would price wanted carryon luggage trip europe want pay lot far exceeded expectation havent used yet think going fine definitely forcing pack light,Positive
chain broke first day simply replaced ribbon made easier adjust lay beautiful lot compliment,Positive
awesome super cute shirt fit well comfortable show california pride protest trump style,Positive
cute daughter love dig back heel like footies perfect ballet flat would absolutely order,Positive
like hat part seems little big ok thing really like bead back adjusts tightness right back baby head cant rest head surface wearing still work needed,Positive
love higher waist snug fit really good quality material tight loose though hindsight ordered slightly smaller size overall happy legging,Positive
color beautiful stretchy comfy support padding thats expected bralette great wear want cute shirt showing lowcut shirt,Positive
sock small like child used gift fianc wedding,Positive
fit good warm fabric little bit softer would even better 20 great deal,Positive
good quality nice sweater,Positive
great seller product,Positive
love plug theyre gorgeous theyre great quality however one pair size requested two pair one size larger least get plug next size right,Positive
quality good,Positive
fit really well good price sick paying fortune lulu,Positive
good quality look like picture,Positive
came week b4 estimated delivery date fit perfectly even cuter,Positive
return dress ran big excited get next size super cute,Positive
bought shoe daughter flower girl outfit absolutely adorable run small return larger size luckily free return shipping would definitely purchase,Positive
problem item bottom top elastic anything keep girl keep falling could probably sew elastic something,Positive
love shirt look exactly pictured worried reading review absolutely love shirt shipping faster expected also ordered medium 53 120 pound like anything fitted extra room without looking huge,Positive
cute big newborn especially,Positive
run little bit small sizing,Positive
mask exactly described appears constructed well nephew love,Positive
seriously love suit skirt may little long short leg like think perfect flattering comfortable think ive ever loved swimsuit one great,Positive
corset well made real steel bone im size medium corset fit x small,Positive
received today product high quality material slick enough room 7 card enough,Positive
work really well look good clothes go small haha upped size available want walk around though theyll probably dig without clothes extremely flattering cheap like lot get right size regret,Positive
good expected word little blurry still readable picture cute,Positive
work well charge solar watch quickly,Positive
everything worked well,Positive
like look,Positive
wore part st patrick day outfit great 59 135 lb fit fine even tad snug,Positive
loved shirt perfect size,Positive
cute flowy,Positive
cute comfty,Positive
got shirt today wear size 20 got 3x form fitting waist long stretchy planning use throughout pregnancy long enough cover expanding stomach forgiving overall happy,Positive
nothing say writing something product removed dang list,Positive
love dress look exactly like picture shade green little brighter expected mind im 50 120 36c bust usually wear small ordered size medium fit perfectly recommend sizing want really form fitting thats going order true size,Positive
36 small need,Positive
pretty decent price right,Positive
please jersey well put together well appointed,Positive
fit great take getting used cheekie back side,Positive
pretty bought gift handy outside pocket right size picture justice several patten choose,Positive
super cute run little big arm long hoodie perfect gift minecraft lover,Positive
absolutely beautiful earring looking silver feather earring year everything small motif included nice long beautifully detailed silver feather love,Positive
excellent product perfect,Positive
loved amazing,Positive
love bag expected look far expensive,Positive
center stone bit bent otherwise great nice heavy made nicely,Positive
excellent product box 4 pair solid well made earring,Positive
bought shirt use regular shirt,Positive
like look head bandit flat netting looked like ready take cut head band glued clip make fit better love shiny feather perfect outfit wear,Positive
exactly looking thing clasp bit hard openbut guess thats good,Positive
daughter wore homecoming gorgeous,Positive
love fit expected,Positive
love shoe tad small,Positive
im going buy higher arch like right ship fast thanks,Positive
item made well however fit really running smaller expected,Positive
absolutely phenomenal bought bad boy coachella blast people amazed see light changed wore im glad bought spikey wild adventurous kaleidoscope goggles,Positive
awesome watch watch good quality watch solid made watch face big large size man option mine luxury watch cheaper one right middle,Positive
pretty ring dark tungsten ring ive quite white sterling silver ring fit nice comfortable feel sturdy perfect ring stacking would def purchase,Positive
order 1 size want good fit coat long little big bottom nothing tailor cant fix xoatbis beautiful keep warm,Positive
good quality nice sweater,Positive
skirt look exactly like expensive skirt ive seen somewhere else great amazon offer skirt cheap surprisingly cheaply made fit perfectly thinking would little short actually longer skirt long look weird cute comfortable,Positive
great shirt shop,Positive
left heel started hurt walking due assume recent vacation walked 17000 step fitbit per day 4 day internet told needed arch support shoe got pain went away highly recommended,Positive
happy purchase hold well wont stretch like metal one soft edge light disappointed,Positive
boutique quality without price boy love themfinally cute clothes boy,Positive
awesome love get many compliment know people complaining,Positive
grandson love couldnt better bright dark background unique,Positive
took forever arrive well worth ive received many compliment,Positive
ordered 2 size fit perfectly beautiful color quick shipping,Positive
really nice shiny good quality,Positive
nice comfy bright color,Positive
thanks quick shipping item described picture described great product would purchase,Positive
ordered shirt gift friend loved told feel comfortable favorite shirt go son,Positive
seems like good product used cause small need,Positive
podiatrist soaking 45 pair fit great feel great,Positive
like look head bandit flat netting looked like ready take cut head band glued clip make fit better love shiny feather perfect outfit wear,Positive
described fit expected,Positive
comfortable didnt stop plantar fasciitis pain however,Positive
love warm stylish,Positive
comfy face better quality expected buy lose lose,Positive
great selection cute,Positive
item came pictured everything packaged seperatley good quality,Positive
excellent sunny day pool beach,Positive
exactly wanted halloween fit perfectly comfortable,Positive
problem hat fit head fine,Positive
love warm stylish,Positive
fit right love,Positive
beautiful mom love,Positive
bottom little small still fit ok top perfect size,Positive
everythig good,Positive
soft delicate,Positive
fit well made well great price,Positive
great material use almost veryday,Positive
awesome shirt highly comfortable highly recommended,Positive
pretty good hat quality little le expected expect velcro last work though,Positive
shoe great quality definitely run small son normally wear 55 6 exchange size,Positive
super love sandal bought another one black,Positive
really nice leather wallet,Positive
pretty bead look feel like small marble stretch would great someone large wrist,Neutral
love band exhaustive search picked one overall pretty happy ring buckle pvd finish rather painted best powder coated finish wore metal 1 month overall would buy disappointed false description,Neutral
fit nice wast band materiel something poking thru poke skin cant wear long uncomfortable,Neutral
sleeve completely different material couple length short donated,Neutral
disappointed quality,Neutral
construction alright string little cheap ribbon like one would get supply shop returned reason plus girl ok made rabbit,Neutral
large stated,Neutral
bag cute lasted little material bag made started cracking peeling away needle say look nice,Neutral
middle part fell winthrop day purchase actually still look nice without lol besides good,Neutral
way large long see use long shirt boot jammie,Neutral
ordered realize hard wire necklace im fan pendant earring nice,Neutral
gotten size larger afraid would,Neutral
im glad read review bought shirt review said shirt run several size small normally wear size small ordered shirt largeand fit like shown model picture slightly loose shirt like knit shear lightweight sweater tshirt,Neutral
comfortable cute bit tighter hoped,Neutral
nice belt worth money interestingly bought 2 different style docker belt together size 34 one 3 inch longer quality control,Neutral
great fit product quality expected price cheap also green color way lite,Neutral
weird smell even washing,Neutral
great even average size front underwear small find borrow space front back im sure nothing couple lap around track fix though enjoy love color,Neutral
camisole needed shirt fabric thin,Neutral
make sure order two size aware shirt transparent overall expected,Neutral
okay teenage,Neutral
top match bottom,Neutral
great fit product quality expected price cheap also green color way lite,Neutral
arrived broken take long fix still besides love cute 90 fit perfectly love adjustable arrived month earlier thats plus,Neutral
look nice distance look flimsy close,Neutral
nice belt worth money interestingly bought 2 different style docker belt together size 34 one 3 inch longer quality control,Neutral
cute lightweight fit expected nothing flashy bad price,Neutral
silver turned color fast,Neutral
liked product size come small,Neutral
bought hubby size abit big ok love,Neutral
top match bottom,Neutral
smaller fragile expected still beautiful,Neutral
cute top priceit fit ok im kinda hard fit im tall long back,Neutral
top fit great bottom big nice good support blesses,Neutral
didnt fit gave brother,Neutral
look great unfortunately buckle little heavy im sure would sacrifice quality buckle lighter maybe ill still use belt probably sparingly,Neutral
popcorn blurry purse smaller whats pic price guess,Neutral
odd fitting hood enormous took apart made better cloak,Neutral
ring 7 month within last 2 month middle stone became loose also lost one little stone stone becoming loose beautiful ring,Neutral
stick active basic cami tank amazon much better quality color cute though strap weak thin wont last long,Neutral
cut small order bigger size,Neutral
cute sleeve small probably going take sew pink sleeve fit better,Neutral
didnt fit gave brother,Neutral
pretty genuine silver writing clear,Neutral
large post large diameter gorgeous get noticed 92317 edit sorry downgraded 5 star 3 wear post large injure ear,Neutral
odd fitting hood enormous took apart made better cloak,Neutral
price ok took long time get due date,Neutral
beautiful lasted eventually turned fingerg green though received wonderful compliment wore,Neutral
make sure order two size aware shirt transparent overall expected,Neutral
feel price feel weak worried could breakrip,Neutral
fit good little orangey expected great top wear around halloween thanksgiving,Neutral
weird smell even washing,Neutral
arrived broken take long fix still besides love cute 90 fit perfectly love adjustable arrived month earlier thats plus,Neutral
put navy pair run croch waist color great fit awesome comfy wish durable,Neutral
pretty cool could better though bad price,Neutral
deep rich color beautiful design good workmanship big enough used small briefcase tablet magazine wallet phone glass still plenty room cosmetic tissue three star get pay premium leather,Neutral
smaller fragile expected still beautiful,Neutral
cut small order bigger size,Neutral
skinny asian leg sock fit perfectly looking material used amazon product page 100 lambwool japanese text paper label around sock plus shipped china honestly make skeptic material used good sock go knee,Neutral
cute lightweight fit expected nothing flashy bad price,Neutral
like suit want keep sizing plain offi 57 135 usually wear medium large bust never happens 32dd bit loose trunk areai afraid order small know short trunk long torso lovely suit sizing right,Neutral
pant tight cavs area loose fit top kind remind clown pant however right outfit may able pull one size fit mine clearly marked size large inside,Neutral
love print however shirt extremely small read ran small ordered medium 5 8 basically belly shirt pretty tight definitely fit way picture show,Neutral
weigh around 160 baby august ordered medium got large still little tummy pregnancy make difficult close still wear medium super thigh,Neutral
ok thought would natural simulation pearl finish look uniform obviously replica expect however replica theyre ok especially money order expect peacock pearl depth finish ive seen better faker,Neutral
hat huge color green lime green mostly happy large size,Neutral
little le coverage back picture showed cant ware beach still nice pool price cant complain,Neutral
great belt come support strap otherwise great looking belt,Neutral
odd fitting hood enormous took apart made better cloak,Neutral
think sizing asian womennot american far small otherwise beautiful find someone give return information,Neutral
large post large diameter gorgeous get noticed 92317 edit sorry downgraded 5 star 3 wear post large injure ear,Neutral
ring 7 month within last 2 month middle stone became loose also lost one little stone stone becoming loose beautiful ring,Neutral
look great unfortunately buckle little heavy im sure would sacrifice quality buckle lighter maybe ill still use belt probably sparingly,Neutral
look like real silver turquoise advertised,Neutral
cute dress order correct size top little large,Neutral
broke week got,Neutral
cute big newborn use next season,Neutral
finnaly recived wear size x super tight,Neutral
got shirt first thought wrong one shirt thin flimsy sleeve look like shoulder cap sleeve shirt short barely even cover girl shorter picture picture depicts shirt higher quality hand cheap husband surly complaining,Neutral
sweater cute comfortable back see wish longer like sweater midriff,Neutral
ordered realize hard wire necklace im fan pendant earring nice,Neutral
leather little fragile feel break apart pretty fast,Neutral
son like shoe item time,Neutral
camisole needed shirt fabric thin,Neutral
thinsulate,Neutral
liked product size come small,Neutral
bought friend american 00 ordered small barely fit sizing chart said small would fit inch spare didnt shes happy though would recommend ordering least two size form fitting dress picture make obvious arm neck hemline hemmed,Neutral
pin holding clasp place fall easily even lost one easily fixed safety pin id rather fix allas functionality work exactly expected although id like shirt end separated bit grab back shirt,Neutral
fabric thin wear slip undershirt cute,Neutral
kind cheap looking,Neutral
look great unfortunately buckle little heavy im sure would sacrifice quality buckle lighter maybe ill still use belt probably sparingly,Neutral
okay teenage,Neutral
inside little small craftsmanship quality great two year old loved beautiful color,Neutral
pretty cool could better though bad price,Neutral
ultra thin dry fast offer padding,Neutral
think select wrong size good dad try next time,Neutral
fit great lining dress portion way short way see liner im 57 plan removing liner using cami dress underneath,Neutral
little large expected otherwise love,Neutral
winter white pure white looking average construction little stiff,Neutral
bit tight roll,Neutral
like mitten way small 3 year old return wish came bigger size would perfect,Neutral
ordered size 9 fit okay however overall size ring face larger expected took picture next u quarter similar size appearance decent price black line side look like drawn sharpie marker green jade dark took month ship,Neutral
great even average size front underwear small find borrow space front back im sure nothing couple lap around track fix though enjoy love color,Neutral
took forever get earring uncomfortable expect couple buck,Neutral
weird smell even washing,Neutral
stretch far go back,Neutral
comfortable cute bit tighter hoped,Neutral
great quality small 38dd,Neutral
george dress boob big even check size mesurment took size stood stil smal,Neutral
like bit thinner expected still wear,Neutral
love design colorbut narrowgood neck scarf,Neutral
arrived one picture although theyre still comfortable definitely love,Neutral
bottom larger expected wish could choose different size top bottom,Neutral
kind cheap looking,Neutral
ordered size 9 fit okay however overall size ring face larger expected took picture next u quarter similar size appearance decent price black line side look like drawn sharpie marker green jade dark took month ship,Neutral
top smaller chested woman otherwise pretty bra stiff padded,Neutral
bought family christmas picture year washed directed red bled white resulting pink pajama everyone super disappointed,Neutral
well made color orange brown,Neutral
super cute would liked better fit boob area,Neutral
broke week got,Neutral
ran little small material soft comfortable much support felt great back large breast maybe really good,Neutral
liked product size come small,Neutral
think sizing asian womennot american far small otherwise beautiful find someone give return information,Neutral
dress way small ordered cousin large look like small cant even fit blouse dress look ok go 3 size,Neutral
leather little fragile feel break apart pretty fast,Neutral
smaller expectedly,Neutral
read shirt run small ordered 3637 35 length still short good inch quality fine shirt look nice blend material reduces wrinkle unfortunately send back sleeve way short,Neutral
tried store would purchased ok thick fabric like style fit well hate wire bottom seam dress make skirt part dress stick way weirdest way tried bend wire look le awkward think cut wire completely,Neutral
nice picture,Neutral
weird smell even washing,Neutral
poor quality expected cheap product,Neutral
bought family christmas picture year washed directed red bled white resulting pink pajama everyone super disappointed,Neutral
top smaller chested woman otherwise pretty bra stiff padded,Neutral
price ok hoping guess doesnt sparkle like picture stone appears dull,Neutral
im still disappointed cotton ulla popkin changed cotton allows lint stick first started making shirt cotton better quality,Neutral
skinny asian leg sock fit perfectly looking material used amazon product page 100 lambwool japanese text paper label around sock plus shipped china honestly make skeptic material used good sock go knee,Neutral
top smaller chested woman otherwise pretty bra stiff padded,Neutral
love material colour way big know whats purpose size chart going incorrect dont use size chart check description lower page,Neutral
small slip hand wrist without struggle band pop consider average size hand wrist guess,Neutral
got shirt first thought wrong one shirt thin flimsy sleeve look like shoulder cap sleeve shirt short barely even cover girl shorter picture picture depicts shirt higher quality hand cheap husband surly complaining,Neutral
sweater cute comfortable back see wish longer like sweater midriff,Neutral
run little short im 58 longer torso,Neutral
one package ok know spendy one pack earring bent funny package afraid bend much want break one bridesmaid wear earings guess im,Neutral
love design colorbut narrowgood neck scarf,Neutral
even though ordered medium still small would like wear often logolips wear long sweater comfortable weigh 98 pound still tight,Neutral
price ok took long time get due date,Neutral
hello item okaybut wonder picture item got match design presented color seems much,Neutral
ok fit drop low near chest though,Neutral
love print however shirt extremely small read ran small ordered medium 5 8 basically belly shirt pretty tight definitely fit way picture show,Neutral
great even average size front underwear small find borrow space front back im sure nothing couple lap around track fix though enjoy love color,Neutral
fit small try going 2 size arm hole tight fabric nice finish good short,Neutral
would say full size chinese conversion,Neutral
feel cheap price cant complain much problem barely fit phone phone 5 upgrade next year bigger phone need purchase another case,Neutral
broke week got,Neutral
feel product well made hold washing product work properly hold firm heel unless able wear shoe tie get get snug sock slide heel still use bad deal price,Neutral
poor quality expected cheap product,Neutral
sleeve completely different material couple length short donated,Neutral
bought travel socksadvertised quick drying quick dry foot sweat true washing drench 2 day closet comfortable tennis shoe hot humid dirt path wash great laundry survived rustic 3rd world laundry service,Neutral
tried store would purchased ok thick fabric like style fit well hate wire bottom seam dress make skirt part dress stick way weirdest way tried bend wire look le awkward think cut wire completely,Neutral
pin holding clasp place fall easily even lost one easily fixed safety pin id rather fix allas functionality work exactly expected although id like shirt end separated bit grab back shirt,Neutral
like look shirt quality good started pilling first wash,Neutral
super fast shipping would suggest ordering size two way big medium like xl look like picture,Neutral
fit nice wast band materiel something poking thru poke skin cant wear long uncomfortable,Neutral
huge feel overbearing,Neutral
decent fit little funny well enough,Neutral
fit great lining dress portion way short way see liner im 57 plan removing liner using cami dress underneath,Neutral
hat seem come large according offer took chance medium would large enough christmas gift im afraid fit person lovely hat typical irish woman wear,Neutral
kind cheap looking,Neutral
love band exhaustive search picked one overall pretty happy ring buckle pvd finish rather painted best powder coated finish wore metal 1 month overall would buy disappointed false description,Neutral
son like shoe item time,Neutral
took forever get earring uncomfortable expect couple buck,Neutral
fit good day went could feel top starting curl resulting unsightly bunching unfortunately wore way keep top rolling subsequent usage,Neutral
look like real silver turquoise advertised,Neutral
feel price feel weak worried could breakrip,Neutral
silver turned color fast,Neutral
bought family christmas picture year washed directed red bled white resulting pink pajama everyone super disappointed,Neutral
way large long see use long shirt boot jammie,Neutral
fit small try going 2 size arm hole tight fabric nice finish good short,Neutral
highest quality made product bought gift friend friend really enjoyed detail love wear ear ring,Neutral
feel cheap price cant complain much problem barely fit phone phone 5 upgrade next year bigger phone need purchase another case,Neutral
pretty 14g way smaller,Neutral
bit tight roll,Neutral
look good small calf think still use though come high,Neutral
disappointed quality,Neutral
went search engine woman plus sz suit search ordered lrg always yet swimsuit sized much smaller,Neutral
great quality small 38dd,Neutral
ring 7 month within last 2 month middle stone became loose also lost one little stone stone becoming loose beautiful ring,Neutral
cavity shallow say part wrap around top head rather small good quality item great collectable cant see wearing,Neutral
top smaller chested woman otherwise pretty bra stiff padded,Neutral
pouch adjust well brief,Neutral
little le coverage back picture showed cant ware beach still nice pool price cant complain,Neutral
apply shoe,Neutral
size size,Neutral
nice picture,Neutral
ok thought would natural simulation pearl finish look uniform obviously replica expect however replica theyre ok especially money order expect peacock pearl depth finish ive seen better faker,Neutral
smaller fragile expected still beautiful,Neutral
blouse beautiful underarm little short let say confortable,Neutral
lens fit well high quality genuine oakley lens mine seem darker towards outside lens lighter center,Neutral
price ok took long time get due date,Neutral
cute dress order correct size top little large,Neutral
super fast shipping would suggest ordering size two way big medium like xl look like picture,Neutral
waste huge fit leg right im 58 125 7 fit right pant made girl huge skinny leg quality material seemed okay sizing bit whack sending back,Neutral
popcorn blurry purse smaller whats pic price guess,Neutral
pretty genuine silver writing clear,Neutral
stretch far go back,Neutral
got shirt first thought wrong one shirt thin flimsy sleeve look like shoulder cap sleeve shirt short barely even cover girl shorter picture picture depicts shirt higher quality hand cheap husband surly complaining,Neutral
5 foot tall dress fall almost mid calf loose fitting like size 5 jean size big look like something someone would wear bed pregnant would perfect accommodate belly otherwise feel like floating cute otherwise,Neutral
large stated,Neutral
top small,Neutral
camisole needed shirt fabric thin,Neutral
wash color fading fabric getting worn fabric quality ok good regular dress shirt bought wear weekly union meeting need color need color would buy product,Neutral
dress way small ordered cousin large look like small cant even fit blouse dress look ok go 3 size,Neutral
cute dress order correct size top little large,Neutral
hat good except plastic buckle control size broke day price expected something resilient,Neutral
love print however shirt extremely small read ran small ordered medium 5 8 basically belly shirt pretty tight definitely fit way picture show,Neutral
read shirt run small ordered 3637 35 length still short good inch quality fine shirt look nice blend material reduces wrinkle unfortunately send back sleeve way short,Neutral
love material colour way big know whats purpose size chart going incorrect dont use size chart check description lower page,Neutral
sent back bit small tight reorder much larger size,Neutral
stone ring pretty detail around stone nicer picture hand,Neutral
material seem good strap narrow detachable point wider shoulder pad added fact add comfort one incident main zipper opening middle slight sideways pressure im little concerned may hold leather good quality look durable,Neutral
ok thought would natural simulation pearl finish look uniform obviously replica expect however replica theyre ok especially money order expect peacock pearl depth finish ive seen better faker,Neutral
ok price fabric little bit cheap,Neutral
price ok took long time get due date,Neutral
pretty ring wished stone smaller,Neutral
fringe tight around bottom make kimono look kind like bubble instead loose flowy,Neutral
sent back bit small tight reorder much larger size,Neutral
pretty good price great summer,Neutral
blouse beautiful underarm little short let say confortable,Neutral
weird smell even washing,Neutral
like mitten way small 3 year old return wish came bigger size would perfect,Neutral
probably gotnthe wrong size love dress pretty whats wierd fake padding boob even built bra folded paddingthe dress seems stuffed like blanket 2 layer tulle offensively stuffed strange dont size get size,Neutral
thinsulate,Neutral
cute others said overall run small im 53 105 pound medium barely fit theyre fine around waist extend strap maximum length order fit lengthwise theyre also bit distressed would prefer see getting photo,Neutral
bag cute lasted little material bag made started cracking peeling away needle say look nice,Neutral
feel price feel weak worried could breakrip,Neutral
good halloween party cut full,Neutral
stretch far go back,Neutral
much shorter picture appears ok looking came quickly,Neutral
havent worn yet try back open bummer material itchy cute,Neutral
one package ok know spendy one pack earring bent funny package afraid bend much want break one bridesmaid wear earings guess im,Neutral
make sure order two size aware shirt transparent overall expected,Neutral
like junior,Neutral
havent worn yet try back open bummer material itchy cute,Neutral
middle part fell winthrop day purchase actually still look nice without lol besides good,Neutral
5 foot tall dress fall almost mid calf loose fitting like size 5 jean size big look like something someone would wear bed pregnant would perfect accommodate belly otherwise feel like floating cute otherwise,Neutral
think select wrong size good dad try next time,Neutral
got one 6g plug back 6g tunnel broke half wearing great need,Neutral
bought wall flower happy time jean run little big bought 13 know make difference buy daughter say skinny enough leg maybe personal preference try shrinking hot water,Neutral
odd fitting hood enormous took apart made better cloak,Neutral
poor quality expected cheap product,Neutral
strap tore 3 week use love color,Neutral
tried store would purchased ok thick fabric like style fit well hate wire bottom seam dress make skirt part dress stick way weirdest way tried bend wire look le awkward think cut wire completely,Neutral
feel price feel weak worried could breakrip,Neutral
hat huge color green lime green mostly happy large size,Neutral
think sizing asian womennot american far small otherwise beautiful find someone give return information,Neutral
price ok hoping guess doesnt sparkle like picture stone appears dull,Neutral
got one 6g plug back 6g tunnel broke half wearing great need,Neutral
son like shoe item time,Neutral
okay quality,Neutral
cute others said overall run small im 53 105 pound medium barely fit theyre fine around waist extend strap maximum length order fit lengthwise theyre also bit distressed would prefer see getting photo,Neutral
large post large diameter gorgeous get noticed 92317 edit sorry downgraded 5 star 3 wear post large injure ear,Neutral
stick active basic cami tank amazon much better quality color cute though strap weak thin wont last long,Neutral
nice picture,Neutral
button white white coat inexpensive expect high quality wasnt 59 135 ordered small,Neutral
pretty genuine silver writing clear,Neutral
fit great lining dress portion way short way see liner im 57 plan removing liner using cami dress underneath,Neutral
apply shoe,Neutral
small slip hand wrist without struggle band pop consider average size hand wrist guess,Neutral
great even average size front underwear small find borrow space front back im sure nothing couple lap around track fix though enjoy love color,Neutral
feel price feel weak worried could breakrip,Neutral
top match bottom,Neutral
big cute outfit,Neutral
run small could cute,Neutral
earring pretty got rose gold one really like ive worn twice time really irritated ear really sensitive probably metal irritating could fact find wire thicker earring need wear earring back fall,Neutral
even though ordered medium still small would like wear often logolips wear long sweater comfortable weigh 98 pound still tight,Neutral
really pretty dress like stretch itbut half sleeve blech description say cap sleeve false fit like 1x 2x always wear 2x dress break spank wear one,Neutral
pretty sparkly bit bigits much everyday wear would nice special occasion,Neutral
run small could cute,Neutral
nice color bit small ordered twice second order sent wrong thing possible language chinese lack english skill perhaps issue,Neutral
highest quality made product bought gift friend friend really enjoyed detail love wear ear ring,Neutral
camisole needed shirt fabric thin,Neutral
cut small order bigger size,Neutral
skirt ok fit ok looking coral color definitely pink little shorter would consider midi like knee length sent back looking,Neutral
inside little small craftsmanship quality great two year old loved beautiful color,Neutral
kind cheap looking,Neutral
poor quality expected cheap product,Neutral
super cute would liked better fit boob area,Neutral
feel cheap price cant complain much problem barely fit phone phone 5 upgrade next year bigger phone need purchase another case,Neutral
top fit great bottom big nice good support blesses,Neutral
kind cheap looking,Neutral
decent fit little funny well enough,Neutral
cute dress order correct size top little large,Neutral
size size,Neutral
ordered 4 year old granddaughter costume cute picture deceiving glove included instead wig small cap material hair,Neutral
thinsulate,Neutral
good door good door freezing nashville new year worked production door course air cut straight look good,Neutral
ok quite quality expected worked well bald head chemo winter month,Neutral
purchased child cant speak comfort arch support really cute shoe,Neutral
shoe worked fine daughter comfortable however hard get buy issue,Neutral
way large long see use long shirt boot jammie,Neutral
gave son stocking stuffer gift nice first week wearing elastic fraying showing bead,Neutral
hat seem come large according offer took chance medium would large enough christmas gift im afraid fit person lovely hat typical irish woman wear,Neutral
cheap looking wear around housethe material thin flimsy dissatisfied customer even take pic wanted take quickly,Neutral
cute thin small typically small easily would worn medium gave friend size,Neutral
would say full size chinese conversion,Neutral
color pretty material decent price definitely workout legging squat proof wearing around house,Neutral
dress definitely run large felt garmet cheaply constructed wear 12 12 fit like 1416 flattering,Neutral
5 foot tall dress fall almost mid calf loose fitting like size 5 jean size big look like something someone would wear bed pregnant would perfect accommodate belly otherwise feel like floating cute otherwise,Neutral
ok productgood priceit run small ordered large loosen lot get onits underbust cool like stick top underbust isbut overall product pretty cool look nice clothes besides top part sticking,Neutral
ok quite quality expected worked well bald head chemo winter month,Neutral
like suit want keep sizing plain offi 57 135 usually wear medium large bust never happens 32dd bit loose trunk areai afraid order small know short trunk long torso lovely suit sizing right,Neutral
price ok hoping guess doesnt sparkle like picture stone appears dull,Neutral
love purse got zipper close purse fell first time zipping side purse coming unthreaded well would happy replacement love purse self,Neutral
exactly son wanted except eye hole adult cut eye closer together,Neutral
would say full size chinese conversion,Neutral
soft comfortable nice looking expected,Neutral
poor sewing material look catalog,Neutral
fabric thin wear slip undershirt cute,Neutral
cavity shallow say part wrap around top head rather small good quality item great collectable cant see wearing,Neutral
hat huge color green lime green mostly happy large size,Neutral
little le coverage back picture showed cant ware beach still nice pool price cant complain,Neutral
nice picture,Neutral
bought wall flower happy time jean run little big bought 13 know make difference buy daughter say skinny enough leg maybe personal preference try shrinking hot water,Neutral
sweat,Neutral
color pretty material decent price definitely workout legging squat proof wearing around house,Neutral
ok productgood priceit run small ordered large loosen lot get onits underbust cool like stick top underbust isbut overall product pretty cool look nice clothes besides top part sticking,Neutral
cavity shallow say part wrap around top head rather small good quality item great collectable cant see wearing,Neutral
huge feel overbearing,Neutral
shoe worked fine daughter comfortable however hard get buy issue,Neutral
poor sewing material look catalog,Neutral
ultra thin dry fast offer padding,Neutral
pretty ring wished stone smaller,Neutral
gotten size larger afraid would,Neutral
item terrible poor fabric tight fitted disappointment,Negative
alternative zipping pant super uncomfortable stay put like wearing spanx day around,Negative
small cheap,Negative
vest well made figured ordering xl would mean would fit menope barely fit skinny fiance vest belongs bought cosplay dice 41 chest fit fair warning,Negative
fell part almost instantly flimsy cheap priced 5 le disappointed,Negative
like look purse,Negative
doesnt fit like picture picture show knee one receive fit shirt length also sleeve short shoulder elbow disappointed wanted,Negative
nice looking shirt way big sending back,Negative
item entirely small,Negative
item fit way small sheer part dress already fallin apart ripping bad quality would recommend,Negative
dress run large look really cheap person look nothing like,Negative
look top online look larger actually disappointed,Negative
ok well price didnt come instruction cant figure use beautiful ive ordered lolhopefully someone else figure use,Negative
small uncomfortable waistband rolled,Negative
love way look baby wore two time string broke shoe husband first one yelled saying pulled hard went tie second shoe lace completely ripped waste money even know contact discus replacement return,Negative
attaching easy friend lost kept coming loose,Negative
sweater short really made wear wash couple time really getting quality pay,Negative
run small exact,Negative
cute hat wear weave small,Negative
much small get high enough mean lot like kid size,Negative
stick purchase product,Negative
didnt like material,Negative
small super loose tie stay tied slip fall apart wearing ive wardrobe malfunction,Negative
product fell apart soon others review like fit cute idea nope,Negative
cheaply made smell horrible packaging,Negative
purchased medium daughter 15 wear small medium fit like kid medium adult medium,Negative
chain broke day wearing disappointed,Negative
mesh panel completely see let daughter keep short well,Negative
ordered large top waaaay small top cup literally cup option include actual bra size ex 32a 32b top size huge disappointment material design nice bottom perfect fit stretch,Negative
return small even though bought size larger disappointed,Negative
hat low quality construction shed much really cant worn never regained nice shape lining stiff super bummer recommend,Negative
didnt like material,Negative
ordered xxxl 125 lb daughter wear,Negative
provides little protection phone,Negative
way small,Negative
seam symmetric wear sleep,Negative
color way pepto pink name,Negative
ball unscrew fell,Negative
unless buy size really maternity nightgown nursing nightgown large pregnant woman thats issue plus tag specifically state nursing gown nothing maternity,Negative
junk took forever show,Negative
zipper holder broke already poor quality,Negative
looked cute put within couple hour finger completely green color started come really annoyed mostly like arrived throw away first,Negative
ordered shirt size 36 mo instead got wrong one said merry christmas sters full size 6 mo feel like someone getting package replace one,Negative
way small,Negative
worst purchase lifeamazon stop selling item,Negative
ball unscrew fell,Negative
small seam ripped easily,Negative
freaking small im usually large got x l still small,Negative
great way keep mitten velco strap scratch baby wrist small need pull strap way,Negative
like picture shown like tight fitting tank top back,Negative
broke second day,Negative
happy bag zipper broke handle broke first time time pleased item,Negative
ordered xxxl 125 lb daughter wear,Negative
literally worst purchase ever made bathing suit stripper look nothing like picture,Negative
purse ok listed conceal carry purse misleading type conceal carry purse one popped,Negative
frame cheap sunglass sunglass scratched dg sunglass handle easy break weak,Negative
band tight however netting baggy turn pad sewn edge leaving flap edging difficult turn,Negative
sequin falling notice recently able return,Negative
small even went 2 size suggested ealier review apparently asian model shoulder breast,Negative
seriously save money image shown easily recognizable final product look like hazy blob neither rocket groot really recognizable material mat however quite nice comfortable would work well quality printing absolutely suck,Negative
expectation price really low quality return postage almost much dress ill donate,Negative
way small stretchy enough comfortable,Negative
fit weird,Negative
tiny made nicely shipping charge line weight pina postage stamp would worked disappointed product,Negative
junk took forever show,Negative
seam symmetric wear sleep,Negative
cool shirt thought would,Negative
tank top short cant tuck untucked look funny length badif little longer would worked great,Negative
none,Negative
give away accurate sizing run small,Negative
returned nick scratch otherwise solid wellmade ring,Negative
shirt look way better photo person thin material bow hung oddly front made look pregnant like putting bow top belly also fuschia hot pink hottest pink ive ever seen returned,Negative
set broke sitting sun defective,Negative
dont thinker ill ever wear cause wayyy bigthe measurement offf,Negative
poorly constructed strap broke second wearing,Negative
dont waste time ordering gold finish rub almost instantly run small,Negative
cute hat wear weave small,Negative
expected,Negative
return small even though bought size larger disappointed,Negative
horrible huge poorly made,Negative
broke 3 day adult daughter careful jewelry,Negative
disappointed color completely different picture ive seen scarf picture person bought saw store,Negative
sock short comfort look like ad wearing come easily cold ankle,Negative
seam symmetric wear sleep,Negative
stick purchase product,Negative
seethrough clear picture product description,Negative
expected cheap looking dress,Negative
broke second day,Negative
leg hole way large elastic around stomach much small dah come wear ask large small bothyou get star,Negative
bought largest fit arm short leangth largexlargexxlarge xxxlargedone chinese item,Negative
super tight didnt know buying compression shirt might well go armour,Negative
never got wear tired cheap zipper popped cost dress replace zipper bunch crap sad super adorable tight chest small boob fit perfect true size larger chest need order size,Negative
great look put broke twice rigged stay together made cheaply,Negative
costume cheaply made fall piece left red dye skin sequin,Negative
terrible cheap,Negative
red color lent pill easy fast top quality,Negative
true sizeorder next size,Negative
sweater short really made wear wash couple time really getting quality pay,Negative
bad quality material short sort shape body whatsoever,Negative
belt pretty much described like advisory label contains chemical state california found may cause cancer,Negative
even try monstrosity dress pictured try,Negative
run small returned immediately,Negative
much bigger small ordered disappointed daughter able wear year,Negative
waist way tight,Negative
whole lot shorter person photo barely 5 ft sits cropped length,Negative
alternative zipping pant super uncomfortable stay put like wearing spanx day around,Negative
deserve one star poor size l like xxl,Negative
described disappointed,Negative
expectation price really low quality return postage almost much dress ill donate,Negative
sock short comfort look like ad wearing come easily cold ankle,Negative
terrible cheap,Negative
sweater really cute liked ordered xl small fit mother 117lbs,Negative
nice looking extra large,Negative
order size 14 year old normally wear neck 14 32 chest way small ordered small especially shoulder well decided order different product,Negative
disappointed large top small order item get xl shirt look small big person top skinny teenager size,Negative
way hoodie fit small,Negative
looked cheap arrived akready broken quick easy return though,Negative
return small even though bought size larger disappointed,Negative
disappointed received item fabric cheap soft 612 month size small 50 percentile 8 month,Negative
beware quality wallet start unraveling top elastic thread come apart,Negative
poorly constructed strap broke second wearing,Negative
one star amazon let submit without wft hat look like picture here go hill terribly word hat make absolutely sense gibberish gibberish though oh literally written classic chinese person speaking bad english style make sense made china,Negative
small tall individual able choose base height,Negative
pinch broke first day son used cheap product recommend,Negative
worth sending back regifted girlfriend daughter liked,Negative
sweater short really made wear wash couple time really getting quality pay,Negative
tiny expected,Negative
headband seems like made child small couldnt wear want ship back due distance,Negative
cheap stuff broke month,Negative
came hole front,Negative
lot smaller look large brush le 2 length get good shine kit rather cheaply made application foam fell almost immediately tried begin polishing shoe polish highly greasy almost wet definitely worth 5 let alone,Negative
nice looking extra large,Negative
sleeve tight patch elbow placed correctly material great quality,Negative
asian size cheap lace,Negative
shirt look way better photo person thin material bow hung oddly front made look pregnant like putting bow top belly also fuschia hot pink hottest pink ive ever seen returned,Negative
expected cheap looking dress,Negative
earring good child adult small look cheap much sparkle look like poorly cut glass get pay,Negative
set broke sitting sun defective,Negative
oddest sized hat ever encountered small large average sized noggin way short cover ear touch top way large diameter fit snugly enough blow away wind im using mine dusting,Negative
cheaply made even backpack 2 month already one strap broke im forced carry one shoulder use anything daily basis use carry gym clothes shoe every day gym instituted new policy bag must clear security reason recommend buy,Negative
whole lot shorter person photo barely 5 ft sits cropped length,Negative
allow 25 shrinkage color bright white blue cast,Negative
small seam ripped easily,Negative
horrible almost midget torso,Negative
would pretty fit ordered 4 romper company size fit perfectly one ran small,Negative
run small exact,Negative
horrible returned made correctly,Negative
leather look cheap inside fabric plastic feeling pocket shallow,Negative
way thick itchy large,Negative
thought would dark navy blue pic got almost denim blue instead buying color mind work something like warned,Negative
none,Negative
like one link broke 2 necklace,Negative
fell part almost instantly flimsy cheap priced 5 le disappointed,Negative
like,Negative
weird,Negative
pretty material unfortunately fit bust plastic strap scratch,Negative
seems quality product however generous size much heavy worn time cold weather,Negative
vest well made figured ordering xl would mean would fit menope barely fit skinny fiance vest belongs bought cosplay dice 41 chest fit fair warning,Negative
faded first weardont waste money,Negative
ok piece bit light,Negative
size smaller expected seam coming apart section near bottom dress,Negative
glass much heavy,Negative
would pretty fit ordered 4 romper company size fit perfectly one ran small,Negative
sock short comfort look like ad wearing come easily cold ankle,Negative
made china priced mine eagle suggest anyone wanting paul fredrick check eagle men,Negative
earring good child adult small look cheap much sparkle look like poorly cut glass get pay,Negative
dont waste time ordering gold finish rub almost instantly run small,Negative
son 8 month thought getting trunk rated 618 mo would fit expected little loose much tighter expected within minute caused visible stretch mark skin would strongly recommend size determined inchcm measurement v age child otherwise like color design quality product,Negative
coat received advertised many reason drape formfitting side vent shallow lapel short breast pocket high nearer shoulder chest lining caused front pucker bottom leather nice poor tailoring,Negative
cool shirt thought would,Negative
look like first grade class cut applitique sewed shirt run small hope someone salvation army want,Negative
ordered large top waaaay small top cup literally cup option include actual bra size ex 32a 32b top size huge disappointment material design nice bottom perfect fit stretch,Negative
headband seems like made child small couldnt wear want ship back due distance,Negative
dress run large look really cheap person look nothing like,Negative
leather look cheap inside fabric plastic feeling pocket shallow,Negative
dress atrociously hideous possibly ugliest garment ever laid eye upon picture representative actual dress immediately donated goodwill,Negative
classic get pay situation rose center fill area like pic glue also visible cheaply made flimsy never wore cant imagine anyone would wear received,Negative
great look put broke twice rigged stay together made cheaply,Negative
definitely true size im u size 6 ordered large short couldnt even button disappointing,Negative
dress thin looked cheap wish wouldve sent back wonder 7 would recommend anyone waist money product,Negative
uncomfortable itchy boning used keep waist trainer rolling look way expected clothes,Negative
waist,Negative
quality bad tore soon took,Negative
worn belt several month unfortunately leather splitting middle brown black side would definitely recommend belt,Negative
spike missing got partial refund cheap item unhappy,Negative
nice looking extra large,Negative
cheap price cheap looking bought arrived plan wearing get pay though,Negative
dissapointed bagnothing like picturecant stand came foldedthe leather good quality looked like maybe 40 bagi excited opened boxi returned immediatelyi hate write bad review depend review purchase itemsso sorry,Negative
totally see daughter wear dress,Negative
broke immediately,Negative
worth sending back regifted girlfriend daughter liked,Negative
small even went 2 size suggested ealier review apparently asian model shoulder breast,Negative
ordered xxxl 125 lb daughter wear,Negative
set pretty earring came one post bent broken put box bubble wrap happen,Negative
look nice stone missing,Negative
small seam ripped easily,Negative
tank top short cant tuck untucked look funny length badif little longer would worked great,Negative
seems quality product however generous size much heavy worn time cold weather,Negative
nice thick soft sweatshirt material way way way small size listed poor product overall,Negative
super cute person way narrow granddaughter even keep past try stage reordered pair light sketcher,Negative
blouse size match size,Negative
bit loose way short returned item,Negative
bad quality material short sort shape body whatsoever,Negative
shirt look way better photo person thin material bow hung oddly front made look pregnant like putting bow top belly also fuschia hot pink hottest pink ive ever seen returned,Negative
pulling glass frame came way useless using time,Negative
unhappy purchase material flimsy hold dress slip fullness also uneven slip kept getting stuck leg,Negative
horrible fabric look like trash,Negative
cute hat wear weave small,Negative
wish paid attention reviewer said clasp earring broke immediately mine thing snapping soon tried open waste,Negative
size run small jean tapered leg shirt thinner expected almost seemed bit feminine design,Negative
tarnished day,Negative
extremely low quality material poorly constructed sized way small returning item,Negative
horrible quality,Negative
sleeve tight patch elbow placed correctly material great quality,Negative
light,Negative
material cheap,Negative
xl normally fit perfect case soon pulled packaging knew right away jacket could possibly fit big toe absolutely else decided give daughter naturally wear medium,Negative
little tight like,Negative
came bent im trying decide worth send back refund,Negative
cheap cheap buy waste money sure,Negative
must made small people way get foot leg average person size,Negative
would pretty fit ordered 4 romper company size fit perfectly one ran small,Negative
extremely small disappointed,Negative
costume cheaply made fall piece left red dye skin sequin,Negative
returned,Negative
size completely american size,Negative
resemble photo chain poor quality clasp even closed completely waste time waiting product others resembling sadly disappointed,Negative
item entirely small,Negative
great way keep mitten velco strap scratch baby wrist small need pull strap way,Negative
small,Negative
look nice photo thats end hourglass figure cut waist material also quite cheap mostly tulle lining zipper broken arrival halloween costume quality best worth price,Negative
xxlarge would fit someone wear size 6 7 run way small american ship china guess consider xxlarge beware run tiny,Negative
said small never received shirt guess package small find lol instead got necklace,Negative
cheaply made even backpack 2 month already one strap broke im forced carry one shoulder use anything daily basis use carry gym clothes shoe every day gym instituted new policy bag must clear security reason recommend buy,Negative
much small get high enough mean lot like kid size,Negative
cheap understand pay much extremely bad quality even strong enough hold crayon one pocket tie string around seat keep reach around also velcro weak hold,Negative
said small never received shirt guess package small find lol instead got necklace,Negative
item fit way small sheer part dress already fallin apart ripping bad quality would recommend,Negative
junk say fraud also false advertising granddaughter spent good money cried got major disappointment someone cut scrap put bag ill never buy,Negative
product expected first opened smelled mildew figured better wash give gift niece upon inspection two hole long also would wrap around several time expensive guess get pay sometimes,Negative
cheaply made hard get clasp workhard,Negative
material long enough woman 57 comfortable felt perfect said bent waist slid like plumber butt theyre basically useless returned never got around quality seems good design nice true size,Negative
ball unscrew fell,Negative
leather came easily edge love everything else except fact barely rub wallet n something purse edge rub right yellow wallet blotch white edge wallet im little dissapointed,Negative
awful way small look awkward could barely get dont waste money,Negative
like,Negative
look like first grade class cut applitique sewed shirt run small hope someone salvation army want,Negative
seriously save money image shown easily recognizable final product look like hazy blob neither rocket groot really recognizable material mat however quite nice comfortable would work well quality printing absolutely suck,Negative
disappointed received item fabric cheap soft 612 month size small 50 percentile 8 month,Negative
product functioned week died recognized apple device,Negative
dress make look like puffy grape big girl shape super cheap scratchy material got black belt white like picture look anything like one picture like,Negative
55 135 pound bought medium skirt fine way long reached almost ankle,Negative
resemble photo chain poor quality clasp even closed completely waste time waiting product others resembling sadly disappointed,Negative
tiny made nicely shipping charge line weight pina postage stamp would worked disappointed product,Negative
zipper holder broke already poor quality,Negative
worth sending back regifted girlfriend daughter liked,Negative
worst purchase lifeamazon stop selling item,Negative
bought largest fit arm short leangth largexlargexxlarge xxxlargedone chinese item,Negative
totally see daughter wear dress,Negative
review said size run small ordered larger size big mistake recommend buying ur usual size,Negative
red color lent pill easy fast top quality,Negative
great way keep mitten velco strap scratch baby wrist small need pull strap way,Negative
didnt like material,Negative
broke put first time dont waste money worth anything scam,Negative
like ordered two broken mailing process happy love necklace damaged arrived,Negative
pretty ring however one stone came shortly receiving worn ring le month black wearing silver finish bit disappointed,Negative
great concept band brokeneed fix,Negative
start falling apart soon got barely use photo piece holding fan together broke within matter hr worth price,Negative
good material cheap,Negative
pretty ring however one stone came shortly receiving worn ring le month black wearing silver finish bit disappointed,Negative
bad cheap material,Negative
shrunk 1st wash,Negative
really liked online received kind disappointed know like ten dollar look cheap,Negative
literally worst purchase ever made bathing suit stripper look nothing like picture,Negative
fell apart first day tried wear,Negative
awful stick kept falling wall disappointing,Negative
strap stretched foot come walk defective send back sure happened lot havianas never problem,Negative
husband tall fatshirt long smaller,Negative
classic get pay situation rose center fill area like pic glue also visible cheaply made flimsy never wore cant imagine anyone would wear received,Negative
strap stretched foot come walk defective send back sure happened lot havianas never problem,Negative
faded first weardont waste money,Negative
tank top short cant tuck untucked look funny length badif little longer would worked great,Negative
buy thing made china fit fine order couple size larger one way small sold someone christmas gift,Negative
wear large every shirt buy one large wanted medium color wanted available time,Negative
expected,Negative
poor quality dress buy get looking descriptive photo wait shipping back wasted dress money please read review find take photo reference,Negative
material thick look 100 like picture,Negative
horrible cheap h pas garbage,Negative
bathing suit really cute man cheap even simply trying felt like falling apart anything b cup youll look like porn star zero support coverage also run small sent back,Negative
thin see thru,Negative
genuine leather seller listed embossed back belt cheapest 2 cent piece rubber one could buy easily stretch cry loud cant even use costume piece wear belt respect one star much let go lower,Negative
glass much heavy,Negative
dress disapponted max would given negative 10 star could look cute online large fit completely irregular another birthday dress send back lady cute dress back designbis nothing like o online 100 disappointment,Negative
got half color pictured want color sent,Negative
ring fit pretty decent way shiny take scotch brite dull bit recently lee 5 month wearing daily top lower half separated would recommend,Negative
pulling glass frame came way useless using time,Negative
material thick look 100 like picture,Negative
feel like moomoo flattering,Negative
came hole front,Negative
good idea tip extremely soft bend easily broke first use returned refund,Negative
got half color pictured want color sent,Negative
ordered hat brown look nothing like picture super flat sit way pictured would buy hat,Negative
ride buttock expose whole thing super sexy,Negative
disappointed color completely different picture ive seen scarf picture person bought saw store,Negative
spike missing got partial refund cheap item unhappy,Negative
looked like lumberjack behind somehow nice figure expect get disappointing result,Negative
dissapointed bagnothing like picturecant stand came foldedthe leather good quality looked like maybe 40 bagi excited opened boxi returned immediatelyi hate write bad review depend review purchase itemsso sorry,Negative
thread screw part never line ive almost gotten thing stuck multiple time even help worth money,Negative
xxl fit size large ridiculously small gave,Negative
fabric inferior thin husband gave away,Negative
spike missing got partial refund cheap item unhappy,Negative
see thru unfortunately like color,Negative
bathing suit really cute man cheap even simply trying felt like falling apart anything b cup youll look like porn star zero support coverage also run small sent back,Negative
ride buttock expose whole thing super sexy,Negative
disappointed way looked two huge side panel look ridiculous never wear,Negative
little tight like,Negative
way small like kid,Negative
pretty ring however one stone came shortly receiving worn ring le month black wearing silver finish bit disappointed,Negative
clothes quality bad lot plush drop inside clothes mess tshirt,Negative
headband seems like made child small couldnt wear want ship back due distance,Negative
dissapointed bagnothing like picturecant stand came foldedthe leather good quality looked like maybe 40 bagi excited opened boxi returned immediatelyi hate write bad review depend review purchase itemsso sorry,Negative
stick purchase product,Negative
lift fit roll tummy support buy,Negative
super cute person way narrow granddaughter even keep past try stage reordered pair light sketcher,Negative
stick purchase product,Negative
unhappy purchase material flimsy hold dress slip fullness also uneven slip kept getting stuck leg,Negative
much smaller 4x closer 2x adult medium also ordered true size,Negative
genuine leather seller listed embossed back belt cheapest 2 cent piece rubber one could buy easily stretch cry loud cant even use costume piece wear belt respect one star much let go lower,Negative
necklace look like came cracker jack box disappointed upset read reyand purchased based suppose gift someone recovering cancer way give terrible,Negative
shirt see small low quality disappointed,Negative
true size fit larger expected,Negative
turned strange yellow hue 2 week wearing,Negative
supportive top flattering,Negative
